{
  "cli": {
    "version": ">= 16.0.0",
    "appVersionSource": "remote"
  },
  "build": {
    "development": {
      "developmentClient": true,
      "distribution": "internal",
      "ios": {
        "resourceClass": "m-medium"
      },
      "android": {
        "buildType": "apk",
        "gradleCommand": ":app:assembleDebug"
      },
      "env": {
        "SUPABASE_URL": "$SUPABASE_URL",
        "SUPABASE_ANON_KEY": "$SUPABASE_ANON_KEY"
      }
    },
    "preview": {
      "distribution": "internal",
      "ios": {
        "resourceClass": "m-medium"
      },
      "android": {
        "buildType": "apk"
      },
      "env": {
        "SUPABASE_URL": "$SUPABASE_URL",
        "SUPABASE_ANON_KEY": "$SUPABASE_ANON_KEY"
      }
    },
    "production": {
      "ios": {
        "resourceClass": "m-medium"
      },
      "android": {
        "buildType": "apk",
        "gradleCommand": ":app:assembleRelease"
      },
      "env": {
        "SUPABASE_URL": "$SUPABASE_URL",
        "SUPABASE_ANON_KEY": "$SUPABASE_ANON_KEY"
      }
    }
  },
  "submit": {
    "production": {}
  }
}
